{
    "machine": "ibmq",
    "fidelity": {
      "1Q": {
        "mean": 0.9997357
      },
      "2Q": {
        "mean": 0.98728
      },
      "readout": {
        "mean": 0.9928
      }
    },
    "timing (us)": {
      "T1": 272.8,
      "T2": 102.37,
      "1Q": 0.561778,
      "2Q": 0.561778,
      "readout": 1.244444,
      "reset": 20
    }
}