{"duration": [0.8966788000001331, 0.30013000000001827], "qubits_per_qnode": [2, 10], "fidelity": [3.037852711570525e-32, 1.3245220058034887e-32]}