{"duration": [1.9457563999996117, 4.17093000000143, 13.200090000007242, 13.260120000008383, 0.001003335507999972], "qubits_per_qnode": [2, 10, 24, 35, 127], "fidelity": [2.1131529664518306e-275, 0.0, 0.0, 1.4611991633564664e-108, 2.1972453024415722e-89]}