{"duration": [0.06904400000000017, 0.06108000000000066, 0.0498900000000002], "qubits_per_qnode": [2, 10, 24], "fidelity": [0.00013201613122890425, 1.035737291286459e-09, 0.0003332080861076838]}