{"duration": [0.8966788000001331, 0.30013000000001827, 1.2692549999999887], "qubits_per_qnode": [2, 10, 24], "fidelity": [3.037852711570525e-32, 1.3245220058034887e-32, 5.137957008527958e-29]}