{"duration": [0.0007016, 0.0006500000000000002, 0.00287, 0.0034399999999999995, 2.8668446000000004e-05, 6.720000000000001e-05, 0.00023, 0.001005, 0.0013599999999999999, 2.80889e-06], "fidelity": [0.96216560447436, 0.8422327048691325, 0.8777507642330589, 0.953501271659383, 0.9442629909171854, 1.0, 0.9576979551119095, 0.961345519646058, 0.9890314611422297, 0.985975998957156]}