{"duration": [21.453919999893984, 124.42406000036132, 55.06923999993082], "qubits_per_qnode": [10, 24, 36], "fidelity": [0.0, 0.0, 0.0]}