{"duration": [0.19412679999999943, 0.39481000000002897, 0.799255000000003, 0.1517100000000001], "qubits_per_qnode": [2, 10, 24, 36], "fidelity": [3.122046643817026e-19, 3.8439407382493808e-53, 1.7430203926609835e-28, 4.031962113798664e-05]}